image,split,object,country,variant
bollards_1_serbia-01.png,train,bollards,1,serbia
bollards_1_serbia-02.png,train,bollards,1,serbia
bollards_1_serbia-03.png,train,bollards,1,serbia
bollards_1_serbia-04.png,train,bollards,1,serbia
bollards_1_serbia-05.png,train,bollards,1,serbia
bollards_1_serbia-06.png,train,bollards,1,serbia
bollards_1_serbia-07.png,train,bollards,1,serbia
bollards_1_serbia-08.png,train,bollards,1,serbia
bollards_1_serbia-09.png,train,bollards,1,serbia
bollards_1_serbia-10.png,train,bollards,1,serbia
bollards_1_serbia-11.png,train,bollards,1,serbia
bollards_1_serbia-12.png,train,bollards,1,serbia
bollards_1_serbia-13.png,train,bollards,1,serbia
bollards_1_serbia-14.png,train,bollards,1,serbia
bollards_1_serbia-15.png,train,bollards,1,serbia
bollards_1_serbia-16.png,train,bollards,1,serbia
bollards_1_serbia-17.png,train,bollards,1,serbia
bollards_1_serbia-18.png,train,bollards,1,serbia
bollards_1_serbia-19.png,train,bollards,1,serbia
bollards_1_serbia-20.png,train,bollards,1,serbia
bollards_1_serbia-21.png,train,bollards,1,serbia
bollards_1_serbia-22.png,train,bollards,1,serbia
bollards_1_serbia-23.png,train,bollards,1,serbia
bollards_1_serbia-24.png,train,bollards,1,serbia
bollards_1_serbia-25.png,train,bollards,1,serbia
bollards_1_serbia-26.png,train,bollards,1,serbia
bollards_1_serbia-27.png,train,bollards,1,serbia
bollards_1_serbia-28.png,train,bollards,1,serbia
bollards_1_serbia-29.png,train,bollards,1,serbia
bollards_1_serbia-30.png,train,bollards,1,serbia
bollards_1_serbia-31.png,train,bollards,1,serbia
bollards_1_serbia-32.png,train,bollards,1,serbia
bollards_1_serbia-33.png,train,bollards,1,serbia
bollards_1_serbia-34.png,train,bollards,1,serbia
bollards_1_serbia-35.png,train,bollards,1,serbia
bollards_1_serbia-36.png,train,bollards,1,serbia
bollards_1_serbia-37.png,train,bollards,1,serbia
bollards_1_serbia-38.png,train,bollards,1,serbia
bollards_1_serbia-39.png,train,bollards,1,serbia
bollards_1_serbia-40.png,train,bollards,1,serbia
bollards_1_serbia-41.png,train,bollards,1,serbia
bollards_1_serbia-42.png,train,bollards,1,serbia
bollards_1_serbia-43.png,train,bollards,1,serbia
bollards_1_serbia-44.png,train,bollards,1,serbia
bollards_1_serbia-45.png,train,bollards,1,serbia
bollards_1_serbia-46.png,train,bollards,1,serbia
bollards_1_serbia-47.png,train,bollards,1,serbia
bollards_1_serbia-48.png,train,bollards,1,serbia
bollards_1_serbia-49.png,train,bollards,1,serbia
bollards_1_serbia-50.png,train,bollards,1,serbia
bollards_1_serbia-51.png,train,bollards,1,serbia
bollards_1_serbia-52.png,train,bollards,1,serbia
bollards_1_serbia-53.png,train,bollards,1,serbia
bollards_1_serbia-54.png,train,bollards,1,serbia
bollards_1_serbia-55.png,train,bollards,1,serbia
bollards_1_serbia-56.png,train,bollards,1,serbia
bollards_1_serbia-57.png,train,bollards,1,serbia
bollards_1_serbia-58.png,train,bollards,1,serbia
bollards_1_serbia-59.png,train,bollards,1,serbia
bollards_1_serbia-60.png,train,bollards,1,serbia
bollards_1_serbia-61.png,train,bollards,1,serbia
bollards_1_serbia-62.png,train,bollards,1,serbia
bollards_1_serbia-63.png,train,bollards,1,serbia
bollards_1_serbia-64.png,train,bollards,1,serbia
bollards_1_serbia-65.png,train,bollards,1,serbia
bollards_1_serbia-66.png,train,bollards,1,serbia
bollards_1_serbia-67.png,train,bollards,1,serbia
bollards_1_serbia-68.png,train,bollards,1,serbia
bollards_1_serbia-69.png,train,bollards,1,serbia
bollards_1_serbia-70.png,train,bollards,1,serbia
bollards_1_serbia-71.png,train,bollards,1,serbia
bollards_1_serbia-72.png,train,bollards,1,serbia
bollards_1_serbia-73.png,train,bollards,1,serbia
bollards_1_serbia-74.png,train,bollards,1,serbia
bollards_1_serbia-75.png,train,bollards,1,serbia
bollards_1_serbia-76.png,train,bollards,1,serbia
bollards_1_serbia-77.png,train,bollards,1,serbia
bollards_1_serbia-78.png,train,bollards,1,serbia
bollards_1_serbia-79.png,train,bollards,1,serbia
bollards_1_serbia-80.png,train,bollards,1,serbia
bollards_1_serbia-81.png,train,bollards,1,serbia
bollards_1_serbia-82.png,train,bollards,1,serbia
bollards_1_serbia-83.png,train,bollards,1,serbia
bollards_1_serbia-84.png,train,bollards,1,serbia
bollards_1_serbia-85.png,train,bollards,1,serbia
bollards_1_serbia-86.png,train,bollards,1,serbia
bollards_1_serbia-87.png,train,bollards,1,serbia
bollards_1_serbia-88.png,train,bollards,1,serbia
bollards_1_serbia-89.png,train,bollards,1,serbia
bollards_1_serbia-90.png,train,bollards,1,serbia
bollards_singapore_1-01.png,train,bollards,singapore,1
bollards_singapore_1-02.png,train,bollards,singapore,1
bollards_singapore_1-03.png,train,bollards,singapore,1
bollards_singapore_1-04.png,train,bollards,singapore,1
bollards_singapore_1-05.png,train,bollards,singapore,1
bollards_singapore_1-06.png,train,bollards,singapore,1
bollards_singapore_1-07.png,train,bollards,singapore,1
bollards_singapore_1-08.png,train,bollards,singapore,1
bollards_singapore_1-09.png,train,bollards,singapore,1
bollards_singapore_1-10.png,train,bollards,singapore,1
bollards_singapore_1-11.png,train,bollards,singapore,1
bollards_singapore_1-12.png,train,bollards,singapore,1
bollards_singapore_1-13.png,train,bollards,singapore,1
bollards_singapore_1-14.png,train,bollards,singapore,1
bollards_singapore_1-15.png,train,bollards,singapore,1
bollards_singapore_1-16.png,train,bollards,singapore,1
bollards_singapore_1-17.png,train,bollards,singapore,1
bollards_singapore_1-18.png,train,bollards,singapore,1
bollards_singapore_1-19.png,train,bollards,singapore,1
bollards_singapore_1-20.png,train,bollards,singapore,1
bollards_singapore_1-21.png,train,bollards,singapore,1
bollards_singapore_1-22.png,train,bollards,singapore,1
bollards_singapore_1-23.png,train,bollards,singapore,1
bollards_singapore_1-24.png,train,bollards,singapore,1
bollards_singapore_1-25.png,train,bollards,singapore,1
bollards_singapore_1-26.png,train,bollards,singapore,1
bollards_singapore_1-27.png,train,bollards,singapore,1
bollards_singapore_1-28.png,train,bollards,singapore,1
bollards_singapore_1-29.png,train,bollards,singapore,1
bollards_singapore_1-30.png,train,bollards,singapore,1
bollards_singapore_1-31.png,train,bollards,singapore,1
bollards_singapore_1-32.png,train,bollards,singapore,1
bollards_singapore_1-33.png,train,bollards,singapore,1
bollards_singapore_1-34.png,train,bollards,singapore,1
bollards_singapore_1-35.png,train,bollards,singapore,1
bollards_singapore_1-36.png,train,bollards,singapore,1
bollards_singapore_1-37.png,train,bollards,singapore,1
bollards_singapore_1-38.png,train,bollards,singapore,1
bollards_singapore_1-39.png,train,bollards,singapore,1
bollards_singapore_1-40.png,train,bollards,singapore,1
bollards_singapore_1-41.png,train,bollards,singapore,1
bollards_singapore_1-42.png,train,bollards,singapore,1
bollards_singapore_1-43.png,train,bollards,singapore,1
bollards_singapore_1-44.png,train,bollards,singapore,1
bollards_singapore_1-45.png,train,bollards,singapore,1
bollards_singapore_1-46.png,train,bollards,singapore,1
bollards_singapore_1-47.png,train,bollards,singapore,1
bollards_singapore_1-48.png,train,bollards,singapore,1
bollards_singapore_1-49.png,train,bollards,singapore,1
bollards_singapore_1-50.png,train,bollards,singapore,1
bollards_singapore_1-51.png,train,bollards,singapore,1
bollards_singapore_1-52.png,train,bollards,singapore,1
bollards_singapore_1-53.png,train,bollards,singapore,1
bollards_singapore_1-54.png,train,bollards,singapore,1
bollards_singapore_1-55.png,train,bollards,singapore,1
bollards_singapore_1-56.png,train,bollards,singapore,1
bollards_singapore_1-57.png,train,bollards,singapore,1
bollards_singapore_1-58.png,train,bollards,singapore,1
bollards_singapore_1-59.png,train,bollards,singapore,1
bollards_singapore_1-60.png,train,bollards,singapore,1
bollards_singapore_1-61.png,train,bollards,singapore,1
bollards_singapore_1-62.png,train,bollards,singapore,1
bollards_singapore_1-63.png,train,bollards,singapore,1
bollards_singapore_1-64.png,train,bollards,singapore,1
bollards_singapore_1-65.png,train,bollards,singapore,1
bollards_singapore_1-66.png,train,bollards,singapore,1
bollards_singapore_1-67.png,train,bollards,singapore,1
bollards_singapore_1-68.png,train,bollards,singapore,1
bollards_singapore_1-69.png,train,bollards,singapore,1
bollards_singapore_1-70.png,train,bollards,singapore,1
bollards_singapore_1-71.png,train,bollards,singapore,1
bollards_singapore_1-72.png,train,bollards,singapore,1
bollards_singapore_1-73.png,train,bollards,singapore,1
bollards_singapore_1-74.png,train,bollards,singapore,1
bollards_singapore_1-75.png,train,bollards,singapore,1
bollards_singapore_1-76.png,train,bollards,singapore,1
bollards_singapore_1-77.png,train,bollards,singapore,1
bollards_singapore_1-78.png,train,bollards,singapore,1
bollards_singapore_1-79.png,train,bollards,singapore,1
bollards_singapore_1-80.png,train,bollards,singapore,1
bollards_singapore_1-81.png,train,bollards,singapore,1
bollards_singapore_1-82.png,train,bollards,singapore,1
bollards_singapore_1-83.png,train,bollards,singapore,1
bollards_singapore_1-84.png,train,bollards,singapore,1
bollards_singapore_1-85.png,train,bollards,singapore,1
bollards_singapore_1-86.png,train,bollards,singapore,1
bollards_singapore_1-87.png,train,bollards,singapore,1
bollards_singapore_1-88.png,train,bollards,singapore,1
bollards_singapore_1-89.png,train,bollards,singapore,1
bollards_vietnam_1-01.png,train,bollards,vietnam,1
bollards_vietnam_1-02.png,train,bollards,vietnam,1
bollards_vietnam_1-03.png,train,bollards,vietnam,1
bollards_vietnam_1-04.png,train,bollards,vietnam,1
bollards_vietnam_1-05.png,train,bollards,vietnam,1
bollards_vietnam_1-06.png,train,bollards,vietnam,1
bollards_vietnam_1-07.png,train,bollards,vietnam,1
bollards_vietnam_1-08.png,train,bollards,vietnam,1
bollards_vietnam_1-09.png,train,bollards,vietnam,1
bollards_vietnam_1-10.png,train,bollards,vietnam,1
bollards_vietnam_1-11.png,train,bollards,vietnam,1
bollards_vietnam_1-12.png,train,bollards,vietnam,1
bollards_vietnam_1-13.png,train,bollards,vietnam,1
bollards_vietnam_1-14.png,train,bollards,vietnam,1
bollards_vietnam_1-15.png,train,bollards,vietnam,1
bollards_vietnam_1-16.png,train,bollards,vietnam,1
bollards_vietnam_1-17.png,train,bollards,vietnam,1
bollards_vietnam_1-18.png,train,bollards,vietnam,1
bollards_vietnam_1-19.png,train,bollards,vietnam,1
bollards_vietnam_1-20.png,train,bollards,vietnam,1
bollards_vietnam_1-21.png,train,bollards,vietnam,1
bollards_vietnam_1-22.png,train,bollards,vietnam,1
bollards_vietnam_1-23.png,train,bollards,vietnam,1
bollards_vietnam_1-24.png,train,bollards,vietnam,1
bollards_vietnam_1-25.png,train,bollards,vietnam,1
bollards_vietnam_1-26.png,train,bollards,vietnam,1
bollards_vietnam_1-27.png,train,bollards,vietnam,1
bollards_vietnam_1-28.png,train,bollards,vietnam,1
bollards_vietnam_1-29.png,train,bollards,vietnam,1
bollards_vietnam_1-30.png,train,bollards,vietnam,1
bollards_vietnam_1-31.png,train,bollards,vietnam,1
bollards_vietnam_1-32.png,train,bollards,vietnam,1
bollards_vietnam_1-33.png,train,bollards,vietnam,1
bollards_vietnam_1-34.png,train,bollards,vietnam,1
bollards_vietnam_1-35.png,train,bollards,vietnam,1
bollards_vietnam_1-36.png,train,bollards,vietnam,1
bollards_vietnam_1-37.png,train,bollards,vietnam,1
bollards_vietnam_1-38.png,train,bollards,vietnam,1
bollards_vietnam_1-39.png,train,bollards,vietnam,1
bollards_vietnam_1-40.png,train,bollards,vietnam,1
bollards_vietnam_1-41.png,train,bollards,vietnam,1
bollards_vietnam_1-42.png,train,bollards,vietnam,1
bollards_vietnam_1-43.png,train,bollards,vietnam,1
bollards_vietnam_1-44.png,train,bollards,vietnam,1
bollards_vietnam_1-45.png,train,bollards,vietnam,1
bollards_vietnam_1-46.png,train,bollards,vietnam,1
bollards_vietnam_1-47.png,train,bollards,vietnam,1
bollards_vietnam_1-48.png,train,bollards,vietnam,1
bollards_vietnam_1-49.png,train,bollards,vietnam,1
bollards_vietnam_1-50.png,train,bollards,vietnam,1
bollards_vietnam_1-51.png,train,bollards,vietnam,1
bollards_vietnam_1-52.png,train,bollards,vietnam,1
bollards_vietnam_1-53.png,train,bollards,vietnam,1
bollards_vietnam_1-54.png,train,bollards,vietnam,1
bollards_vietnam_1-55.png,train,bollards,vietnam,1
bollards_vietnam_1-56.png,train,bollards,vietnam,1
bollards_vietnam_1-57.png,train,bollards,vietnam,1
bollards_vietnam_1-58.png,train,bollards,vietnam,1
bollards_vietnam_1-59.png,train,bollards,vietnam,1
bollards_vietnam_1-60.png,train,bollards,vietnam,1
bollards_vietnam_1-61.png,train,bollards,vietnam,1
bollards_vietnam_1-62.png,train,bollards,vietnam,1
bollards_vietnam_1-63.png,train,bollards,vietnam,1
bollards_vietnam_1-64.png,train,bollards,vietnam,1
bollards_vietnam_1-65.png,train,bollards,vietnam,1
bollards_vietnam_1-66.png,train,bollards,vietnam,1
bollards_vietnam_1-67.png,train,bollards,vietnam,1
bollards_vietnam_1-68.png,train,bollards,vietnam,1
bollards_vietnam_1-69.png,train,bollards,vietnam,1
bollards_vietnam_1-70.png,train,bollards,vietnam,1
bollards_vietnam_1-71.png,train,bollards,vietnam,1
bollards_vietnam_1-72.png,train,bollards,vietnam,1
bollards_vietnam_1-73.png,train,bollards,vietnam,1
bollards_vietnam_1-74.png,train,bollards,vietnam,1
bollards_vietnam_1-75.png,train,bollards,vietnam,1
bollards_vietnam_1-76.png,train,bollards,vietnam,1
bollards_vietnam_1-77.png,train,bollards,vietnam,1
bollards_vietnam_1-78.png,train,bollards,vietnam,1
bollards_vietnam_1-79.png,train,bollards,vietnam,1
bollards_vietnam_1-80.png,train,bollards,vietnam,1
bollards_vietnam_1-81.png,train,bollards,vietnam,1
bollards_vietnam_1-82.png,train,bollards,vietnam,1
bollards_vietnam_1-83.png,train,bollards,vietnam,1
bollards_vietnam_1-84.png,train,bollards,vietnam,1
bollards_vietnam_1-85.png,train,bollards,vietnam,1
bollards_vietnam_1-86.png,train,bollards,vietnam,1
bollards_vietnam_1-87.png,train,bollards,vietnam,1
bollards_vietnam_1-88.png,train,bollards,vietnam,1
bollards_vietnam_1-89.png,train,bollards,vietnam,1
sidewalks_1_india-01.png,train,sidewalks,1,india
sidewalks_1_india-02.png,train,sidewalks,1,india
sidewalks_1_india-03.png,train,sidewalks,1,india
sidewalks_1_india-04.png,train,sidewalks,1,india
sidewalks_1_india-05.png,train,sidewalks,1,india
sidewalks_1_india-06.png,train,sidewalks,1,india
sidewalks_1_india-07.png,train,sidewalks,1,india
sidewalks_1_india-08.png,train,sidewalks,1,india
sidewalks_1_india-09.png,train,sidewalks,1,india
sidewalks_1_india-10.png,train,sidewalks,1,india
sidewalks_1_india-11.png,train,sidewalks,1,india
sidewalks_1_india-12.png,train,sidewalks,1,india
sidewalks_1_india-13.png,train,sidewalks,1,india
sidewalks_1_india-14.png,train,sidewalks,1,india
sidewalks_1_india-15.png,train,sidewalks,1,india
sidewalks_1_india-16.png,train,sidewalks,1,india
sidewalks_1_india-17.png,train,sidewalks,1,india
sidewalks_1_india-18.png,train,sidewalks,1,india
sidewalks_1_india-19.png,train,sidewalks,1,india
sidewalks_1_india-20.png,train,sidewalks,1,india
sidewalks_1_india-21.png,train,sidewalks,1,india
sidewalks_1_india-22.png,train,sidewalks,1,india
sidewalks_1_india-23.png,train,sidewalks,1,india
sidewalks_1_india-24.png,train,sidewalks,1,india
sidewalks_1_india-25.png,train,sidewalks,1,india
sidewalks_1_india-26.png,train,sidewalks,1,india
sidewalks_1_india-27.png,train,sidewalks,1,india
sidewalks_1_india-28.png,train,sidewalks,1,india
sidewalks_1_india-29.png,train,sidewalks,1,india
sidewalks_1_india-30.png,train,sidewalks,1,india
sidewalks_1_india-31.png,train,sidewalks,1,india
sidewalks_1_india-32.png,train,sidewalks,1,india
sidewalks_1_india-33.png,train,sidewalks,1,india
sidewalks_1_india-34.png,train,sidewalks,1,india
sidewalks_1_india-35.png,train,sidewalks,1,india
sidewalks_1_india-36.png,train,sidewalks,1,india
sidewalks_1_india-37.png,train,sidewalks,1,india
sidewalks_1_india-38.png,train,sidewalks,1,india
sidewalks_1_india-39.png,train,sidewalks,1,india
sidewalks_1_india-40.png,train,sidewalks,1,india
sidewalks_1_india-41.png,train,sidewalks,1,india
sidewalks_1_india-42.png,train,sidewalks,1,india
sidewalks_1_india-43.png,train,sidewalks,1,india
sidewalks_1_india-44.png,train,sidewalks,1,india
sidewalks_1_india-45.png,train,sidewalks,1,india
sidewalks_1_india-46.png,train,sidewalks,1,india
sidewalks_1_india-47.png,train,sidewalks,1,india
sidewalks_1_india-48.png,train,sidewalks,1,india
sidewalks_1_india-49.png,train,sidewalks,1,india
sidewalks_1_india-50.png,train,sidewalks,1,india
sidewalks_1_india-51.png,train,sidewalks,1,india
sidewalks_1_india-52.png,train,sidewalks,1,india
sidewalks_1_india-53.png,train,sidewalks,1,india
sidewalks_1_india-54.png,train,sidewalks,1,india
sidewalks_1_india-55.png,train,sidewalks,1,india
sidewalks_1_india-56.png,train,sidewalks,1,india
sidewalks_1_india-57.png,train,sidewalks,1,india
sidewalks_1_india-58.png,train,sidewalks,1,india
sidewalks_1_india-59.png,train,sidewalks,1,india
sidewalks_1_india-60.png,train,sidewalks,1,india
sidewalks_1_india-61.png,train,sidewalks,1,india
sidewalks_1_india-62.png,train,sidewalks,1,india
sidewalks_1_india-63.png,train,sidewalks,1,india
sidewalks_1_india-64.png,train,sidewalks,1,india
sidewalks_1_india-65.png,train,sidewalks,1,india
sidewalks_1_india-66.png,train,sidewalks,1,india
sidewalks_1_india-67.png,train,sidewalks,1,india
sidewalks_1_india-68.png,train,sidewalks,1,india
sidewalks_1_india-69.png,train,sidewalks,1,india
sidewalks_1_india-70.png,train,sidewalks,1,india
sidewalks_1_india-71.png,train,sidewalks,1,india
sidewalks_1_india-72.png,train,sidewalks,1,india
sidewalks_1_india-73.png,train,sidewalks,1,india
sidewalks_1_india-74.png,train,sidewalks,1,india
sidewalks_1_india-75.png,train,sidewalks,1,india
sidewalks_1_india-76.png,train,sidewalks,1,india
sidewalks_1_india-77.png,train,sidewalks,1,india
sidewalks_1_india-78.png,train,sidewalks,1,india
sidewalks_1_india-79.png,train,sidewalks,1,india
sidewalks_1_india-80.png,train,sidewalks,1,india
sidewalks_1_india-81.png,train,sidewalks,1,india
sidewalks_1_india-82.png,train,sidewalks,1,india
sidewalks_1_india-83.png,train,sidewalks,1,india
sidewalks_1_india-84.png,train,sidewalks,1,india
sidewalks_1_india-85.png,train,sidewalks,1,india
sidewalks_1_india-86.png,train,sidewalks,1,india
sidewalks_1_india-87.png,train,sidewalks,1,india
sidewalks_1_india-88.png,train,sidewalks,1,india
sidewalks_1_india-89.png,train,sidewalks,1,india
sidewalks_1_india-90.png,train,sidewalks,1,india
sidewalks_1_thailand-01.png,train,sidewalks,1,thailand
sidewalks_1_thailand-02.png,train,sidewalks,1,thailand
sidewalks_1_thailand-03.png,train,sidewalks,1,thailand
sidewalks_1_thailand-04.png,train,sidewalks,1,thailand
sidewalks_1_thailand-05.png,train,sidewalks,1,thailand
sidewalks_1_thailand-06.png,train,sidewalks,1,thailand
sidewalks_1_thailand-07.png,train,sidewalks,1,thailand
sidewalks_1_thailand-08.png,train,sidewalks,1,thailand
sidewalks_1_thailand-09.png,train,sidewalks,1,thailand
sidewalks_1_thailand-10.png,train,sidewalks,1,thailand
sidewalks_1_thailand-11.png,train,sidewalks,1,thailand
sidewalks_1_thailand-12.png,train,sidewalks,1,thailand
sidewalks_1_thailand-13.png,train,sidewalks,1,thailand
sidewalks_1_thailand-14.png,train,sidewalks,1,thailand
sidewalks_1_thailand-15.png,train,sidewalks,1,thailand
sidewalks_1_thailand-16.png,train,sidewalks,1,thailand
sidewalks_1_thailand-17.png,train,sidewalks,1,thailand
sidewalks_1_thailand-18.png,train,sidewalks,1,thailand
sidewalks_1_thailand-19.png,train,sidewalks,1,thailand
sidewalks_1_thailand-20.png,train,sidewalks,1,thailand
sidewalks_1_thailand-21.png,train,sidewalks,1,thailand
sidewalks_1_thailand-22.png,train,sidewalks,1,thailand
sidewalks_1_thailand-23.png,train,sidewalks,1,thailand
sidewalks_1_thailand-24.png,train,sidewalks,1,thailand
sidewalks_1_thailand-25.png,train,sidewalks,1,thailand
sidewalks_1_thailand-26.png,train,sidewalks,1,thailand
sidewalks_1_thailand-27.png,train,sidewalks,1,thailand
sidewalks_1_thailand-28.png,train,sidewalks,1,thailand
sidewalks_1_thailand-29.png,train,sidewalks,1,thailand
sidewalks_1_thailand-30.png,train,sidewalks,1,thailand
sidewalks_1_thailand-31.png,train,sidewalks,1,thailand
sidewalks_1_thailand-32.png,train,sidewalks,1,thailand
sidewalks_1_thailand-33.png,train,sidewalks,1,thailand
sidewalks_1_thailand-34.png,train,sidewalks,1,thailand
sidewalks_1_thailand-35.png,train,sidewalks,1,thailand
sidewalks_1_thailand-36.png,train,sidewalks,1,thailand
sidewalks_1_thailand-37.png,train,sidewalks,1,thailand
sidewalks_1_thailand-38.png,train,sidewalks,1,thailand
sidewalks_1_thailand-39.png,train,sidewalks,1,thailand
sidewalks_1_thailand-40.png,train,sidewalks,1,thailand
sidewalks_1_thailand-41.png,train,sidewalks,1,thailand
sidewalks_1_thailand-42.png,train,sidewalks,1,thailand
sidewalks_1_thailand-43.png,train,sidewalks,1,thailand
sidewalks_1_thailand-44.png,train,sidewalks,1,thailand
sidewalks_1_thailand-45.png,train,sidewalks,1,thailand
sidewalks_1_thailand-46.png,train,sidewalks,1,thailand
sidewalks_1_thailand-47.png,train,sidewalks,1,thailand
sidewalks_1_thailand-48.png,train,sidewalks,1,thailand
sidewalks_1_thailand-49.png,train,sidewalks,1,thailand
sidewalks_1_thailand-50.png,train,sidewalks,1,thailand
sidewalks_1_thailand-51.png,train,sidewalks,1,thailand
sidewalks_1_thailand-52.png,train,sidewalks,1,thailand
sidewalks_1_thailand-53.png,train,sidewalks,1,thailand
sidewalks_1_thailand-54.png,train,sidewalks,1,thailand
sidewalks_1_thailand-55.png,train,sidewalks,1,thailand
sidewalks_1_thailand-56.png,train,sidewalks,1,thailand
sidewalks_1_thailand-57.png,train,sidewalks,1,thailand
sidewalks_1_thailand-58.png,train,sidewalks,1,thailand
sidewalks_1_thailand-59.png,train,sidewalks,1,thailand
sidewalks_1_thailand-60.png,train,sidewalks,1,thailand
sidewalks_1_thailand-61.png,train,sidewalks,1,thailand
sidewalks_1_thailand-62.png,train,sidewalks,1,thailand
sidewalks_1_thailand-63.png,train,sidewalks,1,thailand
sidewalks_1_thailand-64.png,train,sidewalks,1,thailand
sidewalks_1_thailand-65.png,train,sidewalks,1,thailand
sidewalks_1_thailand-66.png,train,sidewalks,1,thailand
sidewalks_1_thailand-67.png,train,sidewalks,1,thailand
sidewalks_1_thailand-68.png,train,sidewalks,1,thailand
sidewalks_1_thailand-69.png,train,sidewalks,1,thailand
sidewalks_1_thailand-70.png,train,sidewalks,1,thailand
sidewalks_1_thailand-71.png,train,sidewalks,1,thailand
sidewalks_1_thailand-72.png,train,sidewalks,1,thailand
sidewalks_1_thailand-73.png,train,sidewalks,1,thailand
sidewalks_1_thailand-74.png,train,sidewalks,1,thailand
sidewalks_1_thailand-75.png,train,sidewalks,1,thailand
sidewalks_1_thailand-76.png,train,sidewalks,1,thailand
sidewalks_1_thailand-77.png,train,sidewalks,1,thailand
sidewalks_1_thailand-78.png,train,sidewalks,1,thailand
sidewalks_1_thailand-79.png,train,sidewalks,1,thailand
sidewalks_1_thailand-80.png,train,sidewalks,1,thailand
sidewalks_1_thailand-81.png,train,sidewalks,1,thailand
sidewalks_1_thailand-82.png,train,sidewalks,1,thailand
sidewalks_1_thailand-83.png,train,sidewalks,1,thailand
sidewalks_1_thailand-84.png,train,sidewalks,1,thailand
sidewalks_1_thailand-85.png,train,sidewalks,1,thailand
sidewalks_1_thailand-86.png,train,sidewalks,1,thailand
sidewalks_1_thailand-87.png,train,sidewalks,1,thailand
sidewalks_1_thailand-88.png,train,sidewalks,1,thailand
sidewalks_1_thailand-89.png,train,sidewalks,1,thailand
sidewalks_1_thailand-90.png,train,sidewalks,1,thailand
sidewalks_2_thailand-01.png,train,sidewalks,2,thailand
sidewalks_2_thailand-02.png,train,sidewalks,2,thailand
sidewalks_2_thailand-03.png,train,sidewalks,2,thailand
sidewalks_2_thailand-04.png,train,sidewalks,2,thailand
sidewalks_2_thailand-05.png,train,sidewalks,2,thailand
sidewalks_2_thailand-06.png,train,sidewalks,2,thailand
sidewalks_2_thailand-07.png,train,sidewalks,2,thailand
sidewalks_2_thailand-08.png,train,sidewalks,2,thailand
sidewalks_2_thailand-09.png,train,sidewalks,2,thailand
sidewalks_2_thailand-10.png,train,sidewalks,2,thailand
sidewalks_2_thailand-11.png,train,sidewalks,2,thailand
sidewalks_2_thailand-12.png,train,sidewalks,2,thailand
sidewalks_2_thailand-13.png,train,sidewalks,2,thailand
sidewalks_2_thailand-14.png,train,sidewalks,2,thailand
sidewalks_2_thailand-15.png,train,sidewalks,2,thailand
sidewalks_2_thailand-16.png,train,sidewalks,2,thailand
sidewalks_2_thailand-17.png,train,sidewalks,2,thailand
sidewalks_2_thailand-18.png,train,sidewalks,2,thailand
sidewalks_2_thailand-19.png,train,sidewalks,2,thailand
sidewalks_2_thailand-20.png,train,sidewalks,2,thailand
sidewalks_2_thailand-21.png,train,sidewalks,2,thailand
sidewalks_2_thailand-22.png,train,sidewalks,2,thailand
sidewalks_2_thailand-23.png,train,sidewalks,2,thailand
sidewalks_2_thailand-24.png,train,sidewalks,2,thailand
sidewalks_2_thailand-25.png,train,sidewalks,2,thailand
sidewalks_2_thailand-26.png,train,sidewalks,2,thailand
sidewalks_2_thailand-27.png,train,sidewalks,2,thailand
sidewalks_2_thailand-28.png,train,sidewalks,2,thailand
sidewalks_2_thailand-29.png,train,sidewalks,2,thailand
sidewalks_2_thailand-30.png,train,sidewalks,2,thailand
sidewalks_2_thailand-31.png,train,sidewalks,2,thailand
sidewalks_2_thailand-32.png,train,sidewalks,2,thailand
sidewalks_2_thailand-33.png,train,sidewalks,2,thailand
sidewalks_2_thailand-34.png,train,sidewalks,2,thailand
sidewalks_2_thailand-35.png,train,sidewalks,2,thailand
sidewalks_2_thailand-36.png,train,sidewalks,2,thailand
sidewalks_2_thailand-37.png,train,sidewalks,2,thailand
sidewalks_2_thailand-38.png,train,sidewalks,2,thailand
sidewalks_2_thailand-39.png,train,sidewalks,2,thailand
sidewalks_2_thailand-40.png,train,sidewalks,2,thailand
sidewalks_2_thailand-41.png,train,sidewalks,2,thailand
sidewalks_2_thailand-42.png,train,sidewalks,2,thailand
sidewalks_2_thailand-43.png,train,sidewalks,2,thailand
sidewalks_2_thailand-44.png,train,sidewalks,2,thailand
sidewalks_2_thailand-45.png,train,sidewalks,2,thailand
sidewalks_2_thailand-46.png,train,sidewalks,2,thailand
sidewalks_2_thailand-47.png,train,sidewalks,2,thailand
sidewalks_2_thailand-48.png,train,sidewalks,2,thailand
sidewalks_2_thailand-49.png,train,sidewalks,2,thailand
sidewalks_2_thailand-50.png,train,sidewalks,2,thailand
sidewalks_2_thailand-51.png,train,sidewalks,2,thailand
sidewalks_2_thailand-52.png,train,sidewalks,2,thailand
sidewalks_2_thailand-53.png,train,sidewalks,2,thailand
sidewalks_2_thailand-54.png,train,sidewalks,2,thailand
sidewalks_2_thailand-55.png,train,sidewalks,2,thailand
sidewalks_2_thailand-56.png,train,sidewalks,2,thailand
sidewalks_2_thailand-57.png,train,sidewalks,2,thailand
sidewalks_2_thailand-58.png,train,sidewalks,2,thailand
sidewalks_2_thailand-59.png,train,sidewalks,2,thailand
sidewalks_2_thailand-60.png,train,sidewalks,2,thailand
sidewalks_2_thailand-61.png,train,sidewalks,2,thailand
sidewalks_2_thailand-62.png,train,sidewalks,2,thailand
sidewalks_2_thailand-63.png,train,sidewalks,2,thailand
sidewalks_2_thailand-64.png,train,sidewalks,2,thailand
sidewalks_2_thailand-65.png,train,sidewalks,2,thailand
sidewalks_2_thailand-66.png,train,sidewalks,2,thailand
sidewalks_2_thailand-67.png,train,sidewalks,2,thailand
sidewalks_2_thailand-68.png,train,sidewalks,2,thailand
sidewalks_2_thailand-69.png,train,sidewalks,2,thailand
sidewalks_2_thailand-70.png,train,sidewalks,2,thailand
sidewalks_2_thailand-71.png,train,sidewalks,2,thailand
sidewalks_2_thailand-72.png,train,sidewalks,2,thailand
sidewalks_2_thailand-73.png,train,sidewalks,2,thailand
sidewalks_2_thailand-74.png,train,sidewalks,2,thailand
sidewalks_2_thailand-75.png,train,sidewalks,2,thailand
sidewalks_2_thailand-76.png,train,sidewalks,2,thailand
sidewalks_2_thailand-77.png,train,sidewalks,2,thailand
sidewalks_2_thailand-78.png,train,sidewalks,2,thailand
sidewalks_2_thailand-79.png,train,sidewalks,2,thailand
sidewalks_2_thailand-80.png,train,sidewalks,2,thailand
sidewalks_2_thailand-81.png,train,sidewalks,2,thailand
sidewalks_2_thailand-82.png,train,sidewalks,2,thailand
sidewalks_2_thailand-83.png,train,sidewalks,2,thailand
sidewalks_2_thailand-84.png,train,sidewalks,2,thailand
sidewalks_2_thailand-85.png,train,sidewalks,2,thailand
sidewalks_2_thailand-86.png,train,sidewalks,2,thailand
sidewalks_2_thailand-87.png,train,sidewalks,2,thailand
sidewalks_2_thailand-88.png,train,sidewalks,2,thailand
sidewalks_2_thailand-89.png,train,sidewalks,2,thailand
sidewalks_2_thailand-90.png,train,sidewalks,2,thailand
sidewalks_3_thailand-01.png,train,sidewalks,3,thailand
sidewalks_3_thailand-02.png,train,sidewalks,3,thailand
sidewalks_3_thailand-03.png,train,sidewalks,3,thailand
sidewalks_3_thailand-04.png,train,sidewalks,3,thailand
sidewalks_3_thailand-05.png,train,sidewalks,3,thailand
sidewalks_3_thailand-06.png,train,sidewalks,3,thailand
sidewalks_3_thailand-07.png,train,sidewalks,3,thailand
sidewalks_3_thailand-08.png,train,sidewalks,3,thailand
sidewalks_3_thailand-09.png,train,sidewalks,3,thailand
sidewalks_3_thailand-10.png,train,sidewalks,3,thailand
sidewalks_3_thailand-11.png,train,sidewalks,3,thailand
sidewalks_3_thailand-12.png,train,sidewalks,3,thailand
sidewalks_3_thailand-13.png,train,sidewalks,3,thailand
sidewalks_3_thailand-14.png,train,sidewalks,3,thailand
sidewalks_3_thailand-15.png,train,sidewalks,3,thailand
sidewalks_3_thailand-16.png,train,sidewalks,3,thailand
sidewalks_3_thailand-17.png,train,sidewalks,3,thailand
sidewalks_3_thailand-18.png,train,sidewalks,3,thailand
sidewalks_3_thailand-19.png,train,sidewalks,3,thailand
sidewalks_3_thailand-20.png,train,sidewalks,3,thailand
sidewalks_3_thailand-21.png,train,sidewalks,3,thailand
sidewalks_3_thailand-22.png,train,sidewalks,3,thailand
sidewalks_3_thailand-23.png,train,sidewalks,3,thailand
sidewalks_3_thailand-24.png,train,sidewalks,3,thailand
sidewalks_3_thailand-25.png,train,sidewalks,3,thailand
sidewalks_3_thailand-26.png,train,sidewalks,3,thailand
sidewalks_3_thailand-27.png,train,sidewalks,3,thailand
sidewalks_3_thailand-28.png,train,sidewalks,3,thailand
sidewalks_3_thailand-29.png,train,sidewalks,3,thailand
sidewalks_3_thailand-30.png,train,sidewalks,3,thailand
sidewalks_3_thailand-31.png,train,sidewalks,3,thailand
sidewalks_3_thailand-32.png,train,sidewalks,3,thailand
sidewalks_3_thailand-33.png,train,sidewalks,3,thailand
sidewalks_3_thailand-34.png,train,sidewalks,3,thailand
sidewalks_3_thailand-35.png,train,sidewalks,3,thailand
sidewalks_3_thailand-36.png,train,sidewalks,3,thailand
sidewalks_3_thailand-37.png,train,sidewalks,3,thailand
sidewalks_3_thailand-38.png,train,sidewalks,3,thailand
sidewalks_3_thailand-39.png,train,sidewalks,3,thailand
sidewalks_3_thailand-40.png,train,sidewalks,3,thailand
sidewalks_3_thailand-41.png,train,sidewalks,3,thailand
sidewalks_3_thailand-42.png,train,sidewalks,3,thailand
sidewalks_3_thailand-43.png,train,sidewalks,3,thailand
sidewalks_3_thailand-44.png,train,sidewalks,3,thailand
sidewalks_3_thailand-45.png,train,sidewalks,3,thailand
sidewalks_3_thailand-46.png,train,sidewalks,3,thailand
sidewalks_3_thailand-47.png,train,sidewalks,3,thailand
sidewalks_3_thailand-48.png,train,sidewalks,3,thailand
sidewalks_3_thailand-49.png,train,sidewalks,3,thailand
sidewalks_3_thailand-50.png,train,sidewalks,3,thailand
sidewalks_3_thailand-51.png,train,sidewalks,3,thailand
sidewalks_3_thailand-52.png,train,sidewalks,3,thailand
sidewalks_3_thailand-53.png,train,sidewalks,3,thailand
sidewalks_3_thailand-54.png,train,sidewalks,3,thailand
sidewalks_3_thailand-55.png,train,sidewalks,3,thailand
sidewalks_3_thailand-56.png,train,sidewalks,3,thailand
sidewalks_3_thailand-57.png,train,sidewalks,3,thailand
sidewalks_3_thailand-58.png,train,sidewalks,3,thailand
sidewalks_3_thailand-59.png,train,sidewalks,3,thailand
sidewalks_3_thailand-60.png,train,sidewalks,3,thailand
sidewalks_3_thailand-61.png,train,sidewalks,3,thailand
sidewalks_3_thailand-62.png,train,sidewalks,3,thailand
sidewalks_3_thailand-63.png,train,sidewalks,3,thailand
sidewalks_3_thailand-64.png,train,sidewalks,3,thailand
sidewalks_3_thailand-65.png,train,sidewalks,3,thailand
sidewalks_3_thailand-66.png,train,sidewalks,3,thailand
sidewalks_3_thailand-67.png,train,sidewalks,3,thailand
sidewalks_3_thailand-68.png,train,sidewalks,3,thailand
sidewalks_3_thailand-69.png,train,sidewalks,3,thailand
sidewalks_3_thailand-70.png,train,sidewalks,3,thailand
sidewalks_3_thailand-71.png,train,sidewalks,3,thailand
sidewalks_3_thailand-72.png,train,sidewalks,3,thailand
sidewalks_3_thailand-73.png,train,sidewalks,3,thailand
sidewalks_3_thailand-74.png,train,sidewalks,3,thailand
sidewalks_3_thailand-75.png,train,sidewalks,3,thailand
sidewalks_3_thailand-76.png,train,sidewalks,3,thailand
sidewalks_3_thailand-77.png,train,sidewalks,3,thailand
sidewalks_3_thailand-78.png,train,sidewalks,3,thailand
sidewalks_3_thailand-79.png,train,sidewalks,3,thailand
sidewalks_3_thailand-80.png,train,sidewalks,3,thailand
sidewalks_3_thailand-81.png,train,sidewalks,3,thailand
sidewalks_3_thailand-82.png,train,sidewalks,3,thailand
sidewalks_3_thailand-83.png,train,sidewalks,3,thailand
sidewalks_3_thailand-84.png,train,sidewalks,3,thailand
sidewalks_3_thailand-85.png,train,sidewalks,3,thailand
sidewalks_3_thailand-86.png,train,sidewalks,3,thailand
sidewalks_3_thailand-87.png,train,sidewalks,3,thailand
sidewalks_3_thailand-88.png,train,sidewalks,3,thailand
sidewalks_3_thailand-89.png,train,sidewalks,3,thailand
sidewalks_3_thailand-90.png,train,sidewalks,3,thailand
sidewalks_singapore_1-01.png,train,sidewalks,singapore,1
sidewalks_singapore_1-02.png,train,sidewalks,singapore,1
sidewalks_singapore_1-03.png,train,sidewalks,singapore,1
sidewalks_singapore_1-04.png,train,sidewalks,singapore,1
sidewalks_singapore_1-05.png,train,sidewalks,singapore,1
sidewalks_singapore_1-06.png,train,sidewalks,singapore,1
sidewalks_singapore_1-07.png,train,sidewalks,singapore,1
sidewalks_singapore_1-08.png,train,sidewalks,singapore,1
sidewalks_singapore_1-09.png,train,sidewalks,singapore,1
sidewalks_singapore_1-10.png,train,sidewalks,singapore,1
sidewalks_singapore_1-11.png,train,sidewalks,singapore,1
sidewalks_singapore_1-12.png,train,sidewalks,singapore,1
sidewalks_singapore_1-13.png,train,sidewalks,singapore,1
sidewalks_singapore_1-14.png,train,sidewalks,singapore,1
sidewalks_singapore_1-15.png,train,sidewalks,singapore,1
sidewalks_singapore_1-16.png,train,sidewalks,singapore,1
sidewalks_singapore_1-17.png,train,sidewalks,singapore,1
sidewalks_singapore_1-18.png,train,sidewalks,singapore,1
sidewalks_singapore_1-19.png,train,sidewalks,singapore,1
sidewalks_singapore_1-20.png,train,sidewalks,singapore,1
sidewalks_singapore_1-21.png,train,sidewalks,singapore,1
sidewalks_singapore_1-22.png,train,sidewalks,singapore,1
sidewalks_singapore_1-23.png,train,sidewalks,singapore,1
sidewalks_singapore_1-24.png,train,sidewalks,singapore,1
sidewalks_singapore_1-25.png,train,sidewalks,singapore,1
sidewalks_singapore_1-26.png,train,sidewalks,singapore,1
sidewalks_singapore_1-27.png,train,sidewalks,singapore,1
sidewalks_singapore_1-28.png,train,sidewalks,singapore,1
sidewalks_singapore_1-29.png,train,sidewalks,singapore,1
sidewalks_singapore_1-30.png,train,sidewalks,singapore,1
sidewalks_singapore_1-31.png,train,sidewalks,singapore,1
sidewalks_singapore_1-32.png,train,sidewalks,singapore,1
sidewalks_singapore_1-33.png,train,sidewalks,singapore,1
sidewalks_singapore_1-34.png,train,sidewalks,singapore,1
sidewalks_singapore_1-35.png,train,sidewalks,singapore,1
sidewalks_singapore_1-36.png,train,sidewalks,singapore,1
sidewalks_singapore_1-37.png,train,sidewalks,singapore,1
sidewalks_singapore_1-38.png,train,sidewalks,singapore,1
sidewalks_singapore_1-39.png,train,sidewalks,singapore,1
sidewalks_singapore_1-40.png,train,sidewalks,singapore,1
sidewalks_singapore_1-41.png,train,sidewalks,singapore,1
sidewalks_singapore_1-42.png,train,sidewalks,singapore,1
sidewalks_singapore_1-43.png,train,sidewalks,singapore,1
sidewalks_singapore_1-44.png,train,sidewalks,singapore,1
sidewalks_singapore_1-45.png,train,sidewalks,singapore,1
sidewalks_singapore_1-46.png,train,sidewalks,singapore,1
sidewalks_singapore_1-47.png,train,sidewalks,singapore,1
sidewalks_singapore_1-48.png,train,sidewalks,singapore,1
sidewalks_singapore_1-49.png,train,sidewalks,singapore,1
sidewalks_singapore_1-50.png,train,sidewalks,singapore,1
sidewalks_singapore_1-51.png,train,sidewalks,singapore,1
sidewalks_singapore_1-52.png,train,sidewalks,singapore,1
sidewalks_singapore_1-53.png,train,sidewalks,singapore,1
sidewalks_singapore_1-54.png,train,sidewalks,singapore,1
sidewalks_singapore_1-55.png,train,sidewalks,singapore,1
sidewalks_singapore_1-56.png,train,sidewalks,singapore,1
sidewalks_singapore_1-57.png,train,sidewalks,singapore,1
sidewalks_singapore_1-58.png,train,sidewalks,singapore,1
sidewalks_singapore_1-59.png,train,sidewalks,singapore,1
sidewalks_singapore_1-60.png,train,sidewalks,singapore,1
sidewalks_singapore_1-61.png,train,sidewalks,singapore,1
sidewalks_singapore_1-62.png,train,sidewalks,singapore,1
sidewalks_singapore_1-63.png,train,sidewalks,singapore,1
sidewalks_singapore_1-64.png,train,sidewalks,singapore,1
sidewalks_singapore_1-65.png,train,sidewalks,singapore,1
sidewalks_singapore_1-66.png,train,sidewalks,singapore,1
sidewalks_singapore_1-67.png,train,sidewalks,singapore,1
sidewalks_singapore_1-68.png,train,sidewalks,singapore,1
sidewalks_singapore_1-69.png,train,sidewalks,singapore,1
sidewalks_singapore_1-70.png,train,sidewalks,singapore,1
sidewalks_singapore_1-71.png,train,sidewalks,singapore,1
sidewalks_singapore_1-72.png,train,sidewalks,singapore,1
sidewalks_singapore_1-73.png,train,sidewalks,singapore,1
sidewalks_singapore_1-74.png,train,sidewalks,singapore,1
sidewalks_singapore_1-75.png,train,sidewalks,singapore,1
sidewalks_singapore_1-76.png,train,sidewalks,singapore,1
sidewalks_singapore_1-77.png,train,sidewalks,singapore,1
sidewalks_singapore_1-78.png,train,sidewalks,singapore,1
sidewalks_singapore_1-79.png,train,sidewalks,singapore,1
sidewalks_singapore_1-80.png,train,sidewalks,singapore,1
sidewalks_singapore_1-81.png,train,sidewalks,singapore,1
sidewalks_singapore_1-82.png,train,sidewalks,singapore,1
sidewalks_singapore_1-83.png,train,sidewalks,singapore,1
sidewalks_singapore_1-84.png,train,sidewalks,singapore,1
sidewalks_singapore_1-85.png,train,sidewalks,singapore,1
sidewalks_singapore_1-86.png,train,sidewalks,singapore,1
sidewalks_singapore_1-87.png,train,sidewalks,singapore,1
sidewalks_singapore_1-88.png,train,sidewalks,singapore,1
sidewalks_singapore_1-89.png,train,sidewalks,singapore,1
sidewalks_vietnam_1-01.png,train,sidewalks,vietnam,1
sidewalks_vietnam_1-02.png,train,sidewalks,vietnam,1
sidewalks_vietnam_1-03.png,train,sidewalks,vietnam,1
sidewalks_vietnam_1-04.png,train,sidewalks,vietnam,1
sidewalks_vietnam_1-05.png,train,sidewalks,vietnam,1
sidewalks_vietnam_1-06.png,train,sidewalks,vietnam,1
sidewalks_vietnam_1-07.png,train,sidewalks,vietnam,1
sidewalks_vietnam_1-08.png,train,sidewalks,vietnam,1
sidewalks_vietnam_1-09.png,train,sidewalks,vietnam,1
sidewalks_vietnam_1-10.png,train,sidewalks,vietnam,1
sidewalks_vietnam_1-11.png,train,sidewalks,vietnam,1
sidewalks_vietnam_1-12.png,train,sidewalks,vietnam,1
sidewalks_vietnam_1-13.png,train,sidewalks,vietnam,1
sidewalks_vietnam_1-14.png,train,sidewalks,vietnam,1
sidewalks_vietnam_1-15.png,train,sidewalks,vietnam,1
sidewalks_vietnam_1-16.png,train,sidewalks,vietnam,1
sidewalks_vietnam_1-17.png,train,sidewalks,vietnam,1
sidewalks_vietnam_1-18.png,train,sidewalks,vietnam,1
sidewalks_vietnam_1-19.png,train,sidewalks,vietnam,1
sidewalks_vietnam_1-20.png,train,sidewalks,vietnam,1
sidewalks_vietnam_1-21.png,train,sidewalks,vietnam,1
sidewalks_vietnam_1-22.png,train,sidewalks,vietnam,1
sidewalks_vietnam_1-23.png,train,sidewalks,vietnam,1
sidewalks_vietnam_1-24.png,train,sidewalks,vietnam,1
sidewalks_vietnam_1-25.png,train,sidewalks,vietnam,1
sidewalks_vietnam_1-26.png,train,sidewalks,vietnam,1
sidewalks_vietnam_1-27.png,train,sidewalks,vietnam,1
sidewalks_vietnam_1-28.png,train,sidewalks,vietnam,1
sidewalks_vietnam_1-29.png,train,sidewalks,vietnam,1
sidewalks_vietnam_1-30.png,train,sidewalks,vietnam,1
sidewalks_vietnam_1-31.png,train,sidewalks,vietnam,1
sidewalks_vietnam_1-32.png,train,sidewalks,vietnam,1
sidewalks_vietnam_1-33.png,train,sidewalks,vietnam,1
sidewalks_vietnam_1-34.png,train,sidewalks,vietnam,1
sidewalks_vietnam_1-35.png,train,sidewalks,vietnam,1
sidewalks_vietnam_1-36.png,train,sidewalks,vietnam,1
sidewalks_vietnam_1-37.png,train,sidewalks,vietnam,1
sidewalks_vietnam_1-38.png,train,sidewalks,vietnam,1
sidewalks_vietnam_1-39.png,train,sidewalks,vietnam,1
sidewalks_vietnam_1-40.png,train,sidewalks,vietnam,1
sidewalks_vietnam_1-41.png,train,sidewalks,vietnam,1
sidewalks_vietnam_1-42.png,train,sidewalks,vietnam,1
sidewalks_vietnam_1-43.png,train,sidewalks,vietnam,1
sidewalks_vietnam_1-44.png,train,sidewalks,vietnam,1
sidewalks_vietnam_1-45.png,train,sidewalks,vietnam,1
sidewalks_vietnam_1-46.png,train,sidewalks,vietnam,1
sidewalks_vietnam_1-47.png,train,sidewalks,vietnam,1
sidewalks_vietnam_1-48.png,train,sidewalks,vietnam,1
sidewalks_vietnam_1-49.png,train,sidewalks,vietnam,1
sidewalks_vietnam_1-50.png,train,sidewalks,vietnam,1
sidewalks_vietnam_1-51.png,train,sidewalks,vietnam,1
sidewalks_vietnam_1-52.png,train,sidewalks,vietnam,1
sidewalks_vietnam_1-53.png,train,sidewalks,vietnam,1
sidewalks_vietnam_1-54.png,train,sidewalks,vietnam,1
sidewalks_vietnam_1-55.png,train,sidewalks,vietnam,1
sidewalks_vietnam_1-56.png,train,sidewalks,vietnam,1
sidewalks_vietnam_1-57.png,train,sidewalks,vietnam,1
sidewalks_vietnam_1-58.png,train,sidewalks,vietnam,1
sidewalks_vietnam_1-59.png,train,sidewalks,vietnam,1
sidewalks_vietnam_1-60.png,train,sidewalks,vietnam,1
sidewalks_vietnam_1-61.png,train,sidewalks,vietnam,1
sidewalks_vietnam_1-62.png,train,sidewalks,vietnam,1
sidewalks_vietnam_1-63.png,train,sidewalks,vietnam,1
sidewalks_vietnam_1-64.png,train,sidewalks,vietnam,1
sidewalks_vietnam_1-65.png,train,sidewalks,vietnam,1
sidewalks_vietnam_1-66.png,train,sidewalks,vietnam,1
sidewalks_vietnam_1-67.png,train,sidewalks,vietnam,1
sidewalks_vietnam_1-68.png,train,sidewalks,vietnam,1
sidewalks_vietnam_1-69.png,train,sidewalks,vietnam,1
sidewalks_vietnam_1-70.png,train,sidewalks,vietnam,1
sidewalks_vietnam_1-71.png,train,sidewalks,vietnam,1
sidewalks_vietnam_1-72.png,train,sidewalks,vietnam,1
sidewalks_vietnam_1-73.png,train,sidewalks,vietnam,1
sidewalks_vietnam_1-74.png,train,sidewalks,vietnam,1
sidewalks_vietnam_1-75.png,train,sidewalks,vietnam,1
sidewalks_vietnam_1-76.png,train,sidewalks,vietnam,1
sidewalks_vietnam_1-77.png,train,sidewalks,vietnam,1
sidewalks_vietnam_1-78.png,train,sidewalks,vietnam,1
sidewalks_vietnam_1-79.png,train,sidewalks,vietnam,1
sidewalks_vietnam_1-80.png,train,sidewalks,vietnam,1
sidewalks_vietnam_1-81.png,train,sidewalks,vietnam,1
sidewalks_vietnam_1-82.png,train,sidewalks,vietnam,1
sidewalks_vietnam_1-83.png,train,sidewalks,vietnam,1
sidewalks_vietnam_1-84.png,train,sidewalks,vietnam,1
sidewalks_vietnam_1-85.png,train,sidewalks,vietnam,1
sidewalks_vietnam_1-86.png,train,sidewalks,vietnam,1
sidewalks_vietnam_1-87.png,train,sidewalks,vietnam,1
sidewalks_vietnam_1-88.png,train,sidewalks,vietnam,1
sidewalks_vietnam_1-89.png,train,sidewalks,vietnam,1
bollards_1_serbia-100.png,val,bollards,1,serbia
bollards_1_serbia-91.png,val,bollards,1,serbia
bollards_1_serbia-92.png,val,bollards,1,serbia
bollards_1_serbia-93.png,val,bollards,1,serbia
bollards_1_serbia-94.png,val,bollards,1,serbia
bollards_1_serbia-95.png,val,bollards,1,serbia
bollards_1_serbia-96.png,val,bollards,1,serbia
bollards_1_serbia-97.png,val,bollards,1,serbia
bollards_1_serbia-98.png,val,bollards,1,serbia
bollards_1_serbia-99.png,val,bollards,1,serbia
bollards_singapore_1-100.png,val,bollards,singapore,1
bollards_singapore_1-90.png,val,bollards,singapore,1
bollards_singapore_1-91.png,val,bollards,singapore,1
bollards_singapore_1-92.png,val,bollards,singapore,1
bollards_singapore_1-93.png,val,bollards,singapore,1
bollards_singapore_1-94.png,val,bollards,singapore,1
bollards_singapore_1-95.png,val,bollards,singapore,1
bollards_singapore_1-96.png,val,bollards,singapore,1
bollards_singapore_1-97.png,val,bollards,singapore,1
bollards_singapore_1-98.png,val,bollards,singapore,1
bollards_singapore_1-99.png,val,bollards,singapore,1
bollards_vietnam_1-100.png,val,bollards,vietnam,1
bollards_vietnam_1-90.png,val,bollards,vietnam,1
bollards_vietnam_1-91.png,val,bollards,vietnam,1
bollards_vietnam_1-92.png,val,bollards,vietnam,1
bollards_vietnam_1-93.png,val,bollards,vietnam,1
bollards_vietnam_1-94.png,val,bollards,vietnam,1
bollards_vietnam_1-95.png,val,bollards,vietnam,1
bollards_vietnam_1-96.png,val,bollards,vietnam,1
bollards_vietnam_1-97.png,val,bollards,vietnam,1
bollards_vietnam_1-98.png,val,bollards,vietnam,1
bollards_vietnam_1-99.png,val,bollards,vietnam,1
sidewalks_1_india-100.png,val,sidewalks,1,india
sidewalks_1_india-91.png,val,sidewalks,1,india
sidewalks_1_india-92.png,val,sidewalks,1,india
sidewalks_1_india-93.png,val,sidewalks,1,india
sidewalks_1_india-94.png,val,sidewalks,1,india
sidewalks_1_india-95.png,val,sidewalks,1,india
sidewalks_1_india-96.png,val,sidewalks,1,india
sidewalks_1_india-97.png,val,sidewalks,1,india
sidewalks_1_india-98.png,val,sidewalks,1,india
sidewalks_1_india-99.png,val,sidewalks,1,india
sidewalks_1_thailand-100.png,val,sidewalks,1,thailand
sidewalks_1_thailand-91.png,val,sidewalks,1,thailand
sidewalks_1_thailand-92.png,val,sidewalks,1,thailand
sidewalks_1_thailand-93.png,val,sidewalks,1,thailand
sidewalks_1_thailand-94.png,val,sidewalks,1,thailand
sidewalks_1_thailand-95.png,val,sidewalks,1,thailand
sidewalks_1_thailand-96.png,val,sidewalks,1,thailand
sidewalks_1_thailand-97.png,val,sidewalks,1,thailand
sidewalks_1_thailand-98.png,val,sidewalks,1,thailand
sidewalks_1_thailand-99.png,val,sidewalks,1,thailand
sidewalks_2_thailand-100.png,val,sidewalks,2,thailand
sidewalks_2_thailand-91.png,val,sidewalks,2,thailand
sidewalks_2_thailand-92.png,val,sidewalks,2,thailand
sidewalks_2_thailand-93.png,val,sidewalks,2,thailand
sidewalks_2_thailand-94.png,val,sidewalks,2,thailand
sidewalks_2_thailand-95.png,val,sidewalks,2,thailand
sidewalks_2_thailand-96.png,val,sidewalks,2,thailand
sidewalks_2_thailand-97.png,val,sidewalks,2,thailand
sidewalks_2_thailand-98.png,val,sidewalks,2,thailand
sidewalks_2_thailand-99.png,val,sidewalks,2,thailand
sidewalks_3_thailand-100.png,val,sidewalks,3,thailand
sidewalks_3_thailand-91.png,val,sidewalks,3,thailand
sidewalks_3_thailand-92.png,val,sidewalks,3,thailand
sidewalks_3_thailand-93.png,val,sidewalks,3,thailand
sidewalks_3_thailand-94.png,val,sidewalks,3,thailand
sidewalks_3_thailand-95.png,val,sidewalks,3,thailand
sidewalks_3_thailand-96.png,val,sidewalks,3,thailand
sidewalks_3_thailand-97.png,val,sidewalks,3,thailand
sidewalks_3_thailand-98.png,val,sidewalks,3,thailand
sidewalks_3_thailand-99.png,val,sidewalks,3,thailand
sidewalks_singapore_1-100.png,val,sidewalks,singapore,1
sidewalks_singapore_1-90.png,val,sidewalks,singapore,1
sidewalks_singapore_1-91.png,val,sidewalks,singapore,1
sidewalks_singapore_1-92.png,val,sidewalks,singapore,1
sidewalks_singapore_1-93.png,val,sidewalks,singapore,1
sidewalks_singapore_1-94.png,val,sidewalks,singapore,1
sidewalks_singapore_1-95.png,val,sidewalks,singapore,1
sidewalks_singapore_1-96.png,val,sidewalks,singapore,1
sidewalks_singapore_1-97.png,val,sidewalks,singapore,1
sidewalks_singapore_1-98.png,val,sidewalks,singapore,1
sidewalks_singapore_1-99.png,val,sidewalks,singapore,1
sidewalks_vietnam_1-100.png,val,sidewalks,vietnam,1
sidewalks_vietnam_1-90.png,val,sidewalks,vietnam,1
sidewalks_vietnam_1-91.png,val,sidewalks,vietnam,1
sidewalks_vietnam_1-92.png,val,sidewalks,vietnam,1
sidewalks_vietnam_1-93.png,val,sidewalks,vietnam,1
sidewalks_vietnam_1-94.png,val,sidewalks,vietnam,1
sidewalks_vietnam_1-95.png,val,sidewalks,vietnam,1
sidewalks_vietnam_1-96.png,val,sidewalks,vietnam,1
sidewalks_vietnam_1-97.png,val,sidewalks,vietnam,1
sidewalks_vietnam_1-98.png,val,sidewalks,vietnam,1
sidewalks_vietnam_1-99.png,val,sidewalks,vietnam,1
